[
                  {
                    "caseId": "1",
                    "source": "hospital1",
                    "caseType": "nagative",
                    "firstName": "saisree",
                    "lastName": "eeragantla",
                    "phone": "8106251044",
                    "email": "karunyareddy@gmail.com",
                    "dateOfBirth": "2001-02-08",
                    "nationalID": "864382326193",
                    "nationalIDType": "Aadhar",
                    "address": {
                        "streetAddress": "Mabbuvaripalli",
                        "city": "Kadiri",
                        "state": "AndhraPradesh",
                        "postal": "515575",
                        "country": "India"
                      }
                  }
                ]