<?xml version="1.0" encoding="UTF-8"?>
          <covidCase>
            <caseID>1</caseID>
            <source>Hospital1</source>
            <caseType>negative</caseType>
            <firstName>saisree</firstName>
            <lastName>eeragantla</lastName>
            <phone>8106251044</phone>
            <email>karunyareddy@gmail.com</email>
            <dateOfBirth>2001-02-08</dateOfBirth>
            <nationalID>864382326193</nationalID>
            <nationalIDType>Aadhar</nationalIDType>
            <address>
              <streetAddress>Mabbuvaripalli</streetAddress>
              <city>Kadiri</city>
              <state>AndhraPradesh</state>
              <postal>515575</postal>
              <country>India</country>
            </address>
          </covidCase>