{"main":"uhub.raml","name":"uhub","classifier":"raml","tags":[],"dependencies":[{"groupId":"cf381452-d668-4a50-8633-4691bdeb43b6","assetId":"x-correlation-id-header","version":"1.0.0"},{"groupId":"cf381452-d668-4a50-8633-4691bdeb43b6","assetId":"x-transaction-id-header","version":"1.0.0"},{"groupId":"cf381452-d668-4a50-8633-4691bdeb43b6","assetId":"uho-common-datatypes-fragments","version":"1.0.0"}],"groupId":"cf381452-d668-4a50-8633-4691bdeb43b6","organizationId":"cf381452-d668-4a50-8633-4691bdeb43b6","assetId":"uhub","version":"1.0.2","apiVersion":"v1","originalFormatVersion":"1.0","metadata":{"projectId":"3e6996cf-a5af-490b-a9dd-0983f2e87430","branchId":"master","commitId":"abe63efcc936a919469463c4b0277aa64de7b6c8"}}